event_id,pilot_mmsi,vessel_mmsi,pilot_ship_name,vessel_ship_name,vessel_ship_type_class,traffic_direction,start_time,meeting_time,end_time,duration_min,meeting_lat,meeting_lon,centroid_lat,centroid_lon,transfer_zone_class,inside_static_zone,inside_embark_zone,inside_disembark_zone,min_distance_m,avg_distance_m,max_distance_m,min_antenna_distance_m,avg_antenna_distance_m,min_center_distance_m,min_domain_clearance_m,avg_rel_speed_kn,avg_heading_diff_deg,course_aligned_share,speed_similar_share,boarding_operation_share,dominant_rule_tag,confidence_score,likely_transfer,escort_phase_duration_min,approach_phase_duration_min,alongside_phase_duration_min,separation_phase_duration_min,opening_distance_5min_after_transfer_m,opening_rate_m_per_min,surrounding_vessel_count_0_5nm,surrounding_vessel_count_1_0nm,nearest_third_vessel_mmsi,nearest_third_vessel_distance_m,nearest_third_vessel_center_cpa_m,nearest_third_vessel_cpa_m,nearest_third_vessel_hull_cpa_m,nearest_third_vessel_domain_clearance_m,nearest_third_vessel_tcpa_min,collision_risk_score,collision_risk_class,depth_m,depth_source,vessel_draft_m,pilot_draft_m,ukc_m,ukc_ratio,ukc_risk_class,in_fairway,fairway_name,dist_to_fairway_edge_m,dist_to_nearest_buoy_m,nearest_buoy_name,nearest_buoy_type,dist_to_breakwater_m,dist_to_restricted_area_m,sea_room_score,navigation_support_score,wind_speed_mps,wind_dir_deg,wave_height_m,visibility_km,tide_height_m,current_speed_kn,current_dir_deg,weather_exposure_score,shelter_score,night_day_flag,local_hour_kst,transfer_side_exposure,escape_corridor_availability,distance_to_open_sea_route_m,time_to_conflict_if_aborted_min,domain_overlap_fixed_hazards,transfer_feasibility_score,go_no_go,go_no_go_reason,required_ship_domain_m2,available_sea_room_m2,domain_clearance_ratio,emergency_turn_feasible,emergency_escape_route_feasible,mob_recovery_feasible,trajectory_restoration_feasible
INT_440155330_538004202_20230929_0000,440155330,538004202,HO RAN DO HO,ONE MISSION,Cargo,inbound,2023-09-29 00:00:05+00:00,2023-09-29 00:18:56+00:00,2023-09-29 00:19:37+00:00,19.533333333333335,35.025645663660626,128.79461161412246,35.01633817063152,128.79924231984316,study_area_other,False,False,False,280.55859624364757,368.8097776329304,456.7490074816665,466.32670096666135,556.4729214148394,458.50696534095584,190.05859624364757,2.965909090909091,11.836363636363636,0.9318181818181818,0.6590909090909091,0.0,course_aligned_speed_similar,0.6707358649810842,True,3.91,8.79,2.93,3.9,,,0.0,2.0,440505000,1727.101399417543,406.48080379875046,102.31017823747732,714.8513107502001,613.8513107502001,25.993544890393956,5.007017593824765,medium,19.7,enc_geojson,12.800000190734863,0.0,6.899999809265136,0.5390624770661819,safe,False,KR5G3A44_RECTRC,186.7394229757155,2483.5401843983486,Busan New Port East Breakwater East Light,breakwater_light,2483.5401843983486,,0.8,0.4111780462035131,2.9,349.0,0.3,,,,,0.883,0.5032919631203303,day,9,unknown,,,25.993544890393956,none,0.6707358649810842,review,collision_risk_medium,573051.632756007,8979467.674098538,15.669561276552198,True,False,True,False
INT_440118750_440505000_20230929_0016,440118750,440505000,YONG KWANG,GLOBAL NUBIRA,Cargo,inbound,2023-09-29 00:16:14+00:00,2023-09-29 00:19:38+00:00,2023-09-29 00:42:41+00:00,26.45,35.04928176933607,128.78517261463264,35.06243868629578,128.7905122945015,study_area_other,False,False,False,0.0,132.39295253783447,494.2644589938786,15.63631197273889,182.41597119072637,10.341227092938544,-88.5791415576874,0.6649029982363316,23.71093474426808,0.6578483245149912,0.7583774250440917,0.1622574955908289,course_aligned_speed_similar,0.859666421712718,True,5.29,11.9,3.97,5.29,,,45.0,54.0,440028270,48.69828922033833,31.759051824920057,-67.2286318212777,0.0,-42.28441194080895,0.7550333742119267,5.581653686131825,high,17.8,enc_geojson,5.400000095367432,0.0,12.399999904632569,2.2962962380816103,safe,False,KR5G3A44_RECTRC,369.98618517215925,254.7200308040889,Busan New Port East Breakwater West Light,breakwater_light,254.7200308040889,,0.0,0.5582151701763639,2.9,349.0,0.3,,,,,0.883,0.9490559938391823,day,9,unknown,,,0.7550333742119267,possible,0.859666421712718,no_go,collision_risk_high,62831.853071795864,1616304.181337737,25.72428,True,False,False,False
INT_440030820_538004202_20230929_0021,440030820,538004202,NO.7 YONGSUNG,ONE MISSION,Cargo,inbound,2023-09-29 00:21:37+00:00,2023-09-29 00:27:56+00:00,2023-09-29 00:37:46+00:00,16.15,35.050604004738034,128.78422484908003,35.063347130446765,128.7880225244403,study_area_other,False,False,False,0.0,83.01646730064596,392.0902812412566,15.267923577170995,213.24803640216325,5.783661118259618,-245.5155808144877,0.9357142857142856,8.165000000000003,0.9785714285714284,0.95,0.0,course_aligned_speed_similar,0.8780974206349205,True,3.23,7.27,2.42,3.23,,,4.0,47.0,440028270,800.1466792073447,738.2298682082055,487.5062670645922,642.1413721177997,554.6413721177997,4.256837084861602,5.70121962521117,low,18.2,enc_geojson,12.800000190734863,0.0,5.399999809265136,0.4218749788124117,safe,False,KR5G3A44_NAVLNE,338.0561194959912,416.356834346374,Busan New Port East Breakwater West Light,breakwater_light,416.356834346374,,0.0,0.6049258507338678,2.9,349.0,0.3,,,,,0.883,0.9167286331307252,day,9,unknown,,,4.256837084861602,possible,0.8780974206349205,review,hazard_overlap_possible;limited_sea_room,573051.632756007,1616304.181337737,2.8205210297793957,True,True,False,True
INT_440113610_538004202_20230929_0024,440113610,538004202,GAENARI,ONE MISSION,Cargo,inbound,2023-09-29 00:24:42+00:00,2023-09-29 00:28:31+00:00,2023-09-29 00:38:14+00:00,13.533333333333331,35.05043452915852,128.7842567444073,35.06326984684928,128.7879644179021,study_area_other,False,False,False,0.0,114.60373797786704,475.446102217476,19.520094129610996,226.07046452857648,11.36613446068672,-240.22283114565647,0.862127659574468,8.78340425531915,0.9744680851063828,0.948936170212766,0.0,course_aligned_speed_similar,0.8520686761229315,True,2.71,6.09,2.03,2.7,,,0.0,40.0,440028270,934.3980879618563,655.4549986854986,404.73139754188526,573.5941344867729,486.0941344867729,3.6988549027468545,5.702380138227685,low,18.2,enc_geojson,12.800000190734863,0.0,5.399999809265136,0.4218749788124117,safe,False,KR5G3A44_NAVLNE,333.14608674449363,401.0846559321017,Busan New Port East Breakwater West Light,breakwater_light,401.0846559321017,,0.0,0.6055805217674008,2.9,349.0,0.3,,,,,0.883,0.9197830688135796,day,9,unknown,,,3.6988549027468545,possible,0.8520686761229315,review,hazard_overlap_possible;limited_sea_room,573051.632756007,1616304.181337737,2.8205210297793957,True,True,False,True
INT_440155330_414293000_20230929_0110,440155330,414293000,HO RAN DO HO,REN JIAN 17,Cargo,outbound,2023-09-29 01:10:51+00:00,2023-09-29 01:14:21+00:00,2023-09-29 01:27:31+00:00,16.666666666666668,35.05986858130506,128.78274607141975,35.04611264723677,128.78481959287754,study_area_other,False,False,False,0.0,152.28487392527444,469.552348854132,19.440205869992138,288.02040021442957,14.765975172927336,-221.71003703530013,1.0145522388059702,9.171641791044772,0.8955223880597015,0.6716417910447762,0.0,course_aligned_speed_similar,0.8469680244610283,True,9.17,3.33,2.5,1.67,,,1.0,7.0,440013330,910.2467357439688,1411.6692304827304,1205.4874387169712,1370.3212450412088,1300.8212450412088,-1.1410288923121275,5.503448254263918,low,18.4,enc_geojson,10.0,0.0,8.399999999999999,0.8399999999999999,safe,False,KR65886D_RECTRC,397.4272541702229,433.86845275005084,Busan New Port West Breakwater Light,breakwater_light,433.86845275005084,,0.30000000000000004,0.5970096994439703,3.9,357.0,0.3,,,,,0.853,0.9132263094499898,day,10,unknown,,,-1.1410288923121275,possible,0.8469680244610283,review,hazard_overlap_possible;limited_sea_room,424743.32676534005,4489733.837049268,10.570463510848123,True,True,False,True
INT_440155330_357939000_20230929_0252,440155330,357939000,HO RAN DO HO,EVER URBAN,Cargo,outbound,2023-09-29 02:52:42+00:00,2023-09-29 02:56:33+00:00,2023-09-29 03:05:03+00:00,12.35,35.0555077072551,128.780742026392,35.046181795952805,128.7807053654639,study_area_other,False,False,False,0.0,141.79690919190205,426.3946521098827,30.227304237649825,286.3981508248001,20.558758377319464,-235.0830035022261,1.6873493975903613,10.098795180722892,0.8493975903614458,0.3915662650602409,0.0,course_aligned_only,0.7604605923694778,True,6.79,2.47,1.85,1.24,,,18.0,52.0,440013330,466.7430602868749,479.5729581910587,254.22541675398145,645.7077306396957,569.9577306396957,-0.5265122906029183,6.1978282357667105,medium,17.0,enc_geojson,12.399999618530273,0.0,4.600000381469727,0.37096778411150855,caution,False,KR65886D_RECTRC,222.86312970863193,416.9271983238486,Busan New Port West Breakwater Light,breakwater_light,416.9271983238486,,0.0,0.620284916038849,2.9,10.0,0.3,,,,,0.883,0.9166145603352303,day,11,unknown,,,-0.5265122906029183,possible,0.7604605923694778,review,hazard_overlap_possible;collision_risk_medium;ukc_caution;limited_sea_room,510351.7265756619,1616304.181337737,3.1670397045244694,True,False,False,False
INT_440118750_440505000_20230929_0312,440118750,440505000,YONG KWANG,GLOBAL NUBIRA,Cargo,inbound,2023-09-29 03:12:44+00:00,2023-09-29 03:17:35+00:00,2023-09-29 03:22:45+00:00,10.016666666666667,35.06582434522065,128.79741743165522,35.0666512892076,128.7974902456408,study_area_other,False,False,False,0.0,53.67026605588694,320.43228088949155,35.612468273006115,106.990153532311,38.49016060449682,-60.43020804612912,2.1619718309859155,46.128169014084506,0.528169014084507,0.0,0.5915492957746479,boarding_operation,0.6473726525821597,True,2.0,4.51,1.5,2.01,,,0.0,4.0,477698600,1467.232556562245,1512.6151960899579,1160.06007535436,1303.8113080812377,1186.8113080812377,46.282530908629575,4.389429618739519,low,16.7,enc_geojson,5.400000095367432,0.0,11.299999904632568,2.092592537975443,safe,False,KR5G3A44_RECTRC,315.6720266382285,1921.1069343146319,Busan New Port West Breakwater Light,breakwater_light,1921.1069343146319,,0.6,0.4877259073957976,3.1,4.0,0.3,,,,,0.877,0.6157786131370736,day,12,unknown,,,46.282530908629575,none,0.6473726525821597,go,context_enriched,62831.853071795864,7183574.139278831,114.33013333333334,True,True,True,True
INT_440155330_440505000_20230929_0331,440155330,440505000,HO RAN DO HO,GLOBAL NUBIRA,Cargo,outbound,2023-09-29 03:31:07+00:00,2023-09-29 03:37:28+00:00,2023-09-29 03:49:28+00:00,18.35,35.056111756791715,128.78276510906483,35.047944030093824,128.78367202939577,study_area_other,False,False,False,0.0,221.34770971637536,496.9073361068848,14.331215959778914,294.3373391980658,19.39773889760628,-97.3147127022864,0.8590443686006825,17.1679180887372,0.6825938566552902,1.0,0.0,course_aligned_speed_similar,0.8626092624194159,True,10.09,3.67,2.75,1.84,,,0.0,0.0,538005895,1869.6072988438218,1226.4932870709076,1041.1763520346183,1855.3219604298813,1792.3219604298813,-6.527364607226583,5.423632072949709,low,17.2,enc_geojson,5.400000095367432,0.0,11.799999904632568,2.1851851289327917,safe,False,KR65886D_NAVLNE,455.0972821801812,499.946475957301,Busan New Port West Breakwater Light,breakwater_light,499.946475957301,,1.0,0.5893203623759757,3.1,4.0,0.3,,,,,0.877,0.9000107048085398,day,12,unknown,,,-6.527364607226583,possible,0.8626092624194159,review,hazard_overlap_possible,62831.853071795864,10775361.208918246,171.49519999999998,True,True,True,True
INT_440155330_219836000_20230929_0647,440155330,219836000,HO RAN DO HO,MADRID MAERSK,Cargo,outbound,2023-09-29 06:47:23+00:00,2023-09-29 06:57:04+00:00,2023-09-29 07:01:56+00:00,14.55,35.037662585688906,128.782091633074,35.04515708965079,128.78454720492803,study_area_other,False,False,False,0.0,139.24606524041835,471.819859476298,42.83542427094777,349.85639022255975,45.07590057290515,-296.76594796094116,2.862037037037037,13.974074074074071,0.8240740740740741,0.4629629629629629,0.0,course_aligned_only,0.7595276491769548,True,8.0,2.91,2.18,1.46,,,0.0,0.0,538005895,3519.5622786251383,2408.7176897740924,1998.2713578038492,3485.754305572442,3348.504305572442,-9.076902842598454,5.345325645649039,low,17.5,enc_geojson,14.199999809265137,0.0,3.3000001907348633,0.23239438275074464,caution,False,KR65896D_NAVLNE,496.01716443823017,1242.8124967000106,Busan New Port East Breakwater West Light,breakwater_light,1242.8124967000106,,1.0,0.5767289619582343,5.0,359.0,0.3,,,,,0.8200000000000001,0.7514375006599979,day,15,unknown,,,-9.076902842598454,none,0.7595276491769548,review,ukc_caution,1000289.3840882973,10775361.208918246,10.772243892940372,True,False,True,False
INT_440155330_477871400_20230929_0728,440155330,477871400,HO RAN DO HO,ZIM MOUNT EVEREST,Cargo,outbound,2023-09-29 07:28:11+00:00,2023-09-29 07:42:38+00:00,2023-09-29 07:47:17+00:00,19.1,35.03627202126673,128.7807657216366,35.040985021136315,128.7845396438445,study_area_other,False,False,False,0.0,156.00203697818466,465.077705684008,51.93685578969765,347.96423707830934,27.394966695079255,-289.36822876859827,3.047058823529412,17.876470588235296,0.803921568627451,0.6666666666666666,0.0,course_aligned_speed_similar,0.8127794117647059,True,10.5,3.82,2.86,1.92,,,0.0,2.0,565936000,1701.1257027011434,523.8455339805226,80.06850786924224,1469.4034319000716,1322.4034319000716,44.83499702628571,4.7760994017575165,high,18.1,enc_geojson,14.800000190734863,0.0,3.299999809265138,0.22297295721192037,caution,False,KR65896D_RECTRC,695.8512984759259,1433.2731919170083,Busan New Port East Breakwater West Light,breakwater_light,1433.2731919170083,,0.8,0.5183409615503751,4.6,20.0,0.3,,,,,0.8320000000000001,0.7133453616165983,day,16,unknown,,,44.83499702628571,none,0.8127794117647059,no_go,collision_risk_high,841670.3710085487,8979467.674098538,10.668627509530493,True,False,False,False
INT_440155330_303340000_20230930_0444,440155330,303340000,HO RAN DO HO,PRESIDENT CLEVELAND,Cargo,inbound,2023-09-30 04:44:23+00:00,2023-09-30 04:44:23+00:00,2023-09-30 05:11:11+00:00,26.8,34.986179405379836,128.81100570271923,35.033645842824164,128.78961872032227,study_area_other,False,False,False,0.0,199.06322907849577,480.23002888301346,76.21245578930463,369.3499968232133,81.8746725249624,-184.9478845472171,5.229337539432176,9.851735015772874,0.9747634069400632,0.0347003154574132,0.0,course_aligned_only,0.7537007097791798,True,5.36,12.06,4.02,5.36,,,3.0,12.0,371262000,780.3520378746318,706.0472092328868,301.29336626284476,970.0171281622113,832.0171281622112,-23.637176578949074,6.10671219739472,low,37.0,enc_geojson,12.199999809265137,0.0,24.800000190734863,2.032786932660508,safe,False,KR5G3E22_NAVLNE,55.58221415662369,7046.201090484567,Busan New Port East Breakwater East Light,breakwater_light,7046.201090484567,,0.0,0.4425890381124502,3.1,279.0,0.3,,,,,0.877,0.0,day,13,unknown,,,-23.637176578949074,none,0.7537007097791798,review,limited_sea_room,565486.6776461628,1616304.181337737,2.8582533333333333,True,True,False,True
INT_440155330_413228080_20230930_0449,440155330,413228080,HO RAN DO HO,ZHONG GU DIZHONG HAI,Cargo,inbound,2023-09-30 04:49:18+00:00,2023-09-30 04:50:24+00:00,2023-09-30 05:00:47+00:00,11.483333333333333,34.98684125250974,128.81524670931964,35.00389196144608,128.80385973140423,study_area_other,False,False,False,52.97394244242851,279.32218988416446,477.8182710596493,127.17482502763283,414.1040599932519,165.02826828791348,-4.776057557571519,4.775862068965517,7.137931034482756,1.0,0.0689655172413793,0.0,course_aligned_only,0.6541050023506348,True,2.3,5.17,1.72,2.29,,,5.0,12.0,371262000,598.684285776758,630.5724507324818,322.8368389891343,466.46848124909,360.71848124909,2.730381317355213,6.070632390731447,low,38.0,enc_geojson,7.5,0.0,30.5,4.066666666666666,safe,False,KR5G3E22_TSSBND,241.83810489010415,7070.936977969091,Busan New Port East Breakwater East Light,breakwater_light,7070.936977969091,,0.0,0.41775491934798614,3.1,279.0,0.3,,,,,0.877,0.0,day,13,unknown,,,2.730381317355213,none,0.6541050023506348,review,limited_sea_room,183726.62156723827,1616304.181337737,8.797332512567971,True,True,False,True
INT_440139260_303340000_20230930_0505,440139260,303340000,KOREA 401,PRESIDENT CLEVELAND,Cargo,inbound,2023-09-30 05:05:04+00:00,2023-09-30 05:07:38+00:00,2023-09-30 05:48:14+00:00,43.166666666666664,35.05088318129915,128.78297579518903,35.06380436581385,128.79668962644277,study_area_other,False,False,False,0.0,73.4951802290623,464.3340500517969,33.32682911255582,241.0578252437882,29.025290533773408,-237.7972665384061,0.6238782051282051,31.053525641025637,0.6362179487179487,0.7083333333333334,0.1939102564102564,course_aligned_speed_similar,0.8470475649928775,True,8.63,19.42,6.48,8.64,,,9.0,15.0,440121510,427.7418048606603,281.8029007111851,28.551010514700494,247.23879216342934,159.0387922349549,0.9091648890743216,5.960027658915416,high,18.6,enc_geojson,12.199999809265137,0.0,6.400000190734865,0.5245901877698772,safe,False,KR5G3A44_NAVLNE,225.90130630154513,521.7787959226371,Busan New Port East Breakwater West Light,breakwater_light,521.7787959226371,,0.0,0.6198798258264607,2.9,272.0,0.3,,,,,0.883,0.8956442408154726,day,14,unknown,,,0.9091648890743216,none,0.8470475649928775,no_go,collision_risk_high,565486.6776461628,1616304.181337737,2.8582533333333333,True,False,False,False
INT_440005000_303340000_20230930_0505,440005000,303340000,YUNG CHANG T-1,PRESIDENT CLEVELAND,Cargo,inbound,2023-09-30 05:05:15+00:00,2023-09-30 05:06:52+00:00,2023-09-30 05:49:52+00:00,44.61666666666667,35.046884662086654,128.78317851572888,35.06227383729974,128.79617001743972,study_area_other,False,False,False,0.0,93.45021323650448,472.0759973252377,9.130961651928468,209.5778379469357,30.53138987345991,-222.48843676888495,0.5651282051282052,13.219615384615384,0.8692307692307693,0.6705128205128205,0.1538461538461538,course_aligned_speed_similar,0.8888660256410257,True,8.92,20.08,6.69,8.93,,,4.0,15.0,440121510,771.3136540046914,285.7288863733265,32.47699617684188,402.6457380905183,314.4457381620439,1.441269846772704,5.863419841649597,high,18.5,enc_geojson,12.199999809265137,0.0,6.300000190734863,0.5163934663302542,safe,False,KR5G3A44_RECTRC,54.80446029806966,405.8252793053465,Busan New Port East Breakwater West Light,breakwater_light,405.8252793053465,,0.0,0.642692738626924,2.9,272.0,0.3,,,,,0.883,0.9188349441389307,day,14,unknown,,,1.441269846772704,possible,0.8888660256410257,no_go,collision_risk_high,565486.6776461628,1616304.181337737,2.8582533333333333,True,False,False,False
INT_440005000_477698600_20230930_0529,440005000,477698600,YUNG CHANG T-1,COSCO DENMARK,Cargo,outbound,2023-09-30 05:29:25+00:00,2023-09-30 06:15:02+00:00,2023-09-30 06:17:52+00:00,48.45,35.06876756717675,128.81428534521766,35.06882959482562,128.81469838614217,study_area_other,False,False,False,0.0,26.70678383961529,341.31478744999833,52.48399566385069,255.61179293332304,51.48647709670429,-251.54365674509413,0.9080357142857144,30.82410714285712,0.8214285714285714,0.0,0.1785714285714285,course_aligned_only,0.8000646081349208,True,26.65,9.69,7.27,4.84,,,6.0,17.0,303340000,218.46290660359062,329.8755634097316,-172.78966279815302,0.0,-172.7903642917634,,6.021913852848877,high,17.4,enc_geojson,13.300000190734863,0.0,4.099999809265135,0.3082706579298627,caution,False,KR5G3A44_RECTRC,793.3541302211547,2966.9637896207105,Busan New Port East Breakwater East Light,breakwater_light,2966.9637896207105,,0.0,0.34421944930384607,3.4,271.0,0.3,,,,,0.8680000000000001,0.40660724207585786,day,15,unknown,,,,none,0.8000646081349208,no_go,collision_risk_high,841670.3710085487,1616304.181337737,1.920352951715489,True,False,False,False
INT_440139260_477698600_20230930_0536,440139260,477698600,KOREA 401,COSCO DENMARK,Cargo,outbound,2023-09-30 05:36:15+00:00,2023-09-30 06:18:51+00:00,2023-09-30 06:19:37+00:00,43.36666666666667,35.06889602786543,128.81479912440773,35.068995598177935,128.81602909834072,study_area_other,False,False,False,0.0,216.7913885833421,251.24080151705235,91.46382353164108,462.6117362092291,93.43988685433924,-223.3929774172938,1.47265625,27.428906249999997,0.765625,0.0,0.2421875,course_aligned_only,0.7901533203125001,True,23.85,8.67,6.5,4.35,,,4.0,13.0,303340000,171.84863989099657,329.8755634097316,-172.78966279815302,0.0,-172.7903642917634,,6.03275469022241,high,17.4,enc_geojson,13.300000190734863,0.0,4.099999809265135,0.3082706579298627,caution,False,KR5G3A44_NAVLNE,803.969401011642,3007.5224950549205,Busan New Port East Breakwater East Light,breakwater_light,3007.5224950549205,,0.0,0.3428040798651144,3.4,271.0,0.3,,,,,0.8680000000000001,0.39849550098901587,day,15,unknown,,,,none,0.7901533203125001,no_go,collision_risk_high,841670.3710085487,1616304.181337737,1.920352951715489,True,False,False,False
INT_440155330_477698600_20230930_0553,440155330,477698600,HO RAN DO HO,COSCO DENMARK,Cargo,outbound,2023-09-30 05:53:09+00:00,2023-09-30 06:15:40+00:00,2023-09-30 06:15:40+00:00,22.516666666666666,35.06886936119878,128.81537329107425,35.06883623619877,128.81548141603056,study_area_other,False,False,False,92.23747879453882,104.26632783509145,109.04382801934688,343.111445123911,355.2635700963954,302.5703430661718,-14.262521205461212,1.2,79.63333333333331,0.1666666666666666,0.0,0.8333333333333334,boarding_operation,0.6440926979084619,True,12.38,4.5,3.38,2.26,,,3.0,14.0,303340000,119.511892334033,329.8755634097316,-172.78966279815302,0.0,-172.7903642917634,,6.044926375179353,high,16.2,enc_geojson,13.300000190734863,0.0,2.899999809265136,0.21804509531401012,caution,False,KR5G3A44_NAVLNE,833.0878948883641,3038.639730391781,Busan New Port East Breakwater East Light,breakwater_light,3038.639730391781,,0.0,0.3389216140148848,3.4,271.0,0.3,,,,,0.8680000000000001,0.39227205392164377,day,15,unknown,,,,none,0.6440926979084619,no_go,collision_risk_high,841670.3710085487,1616304.181337737,1.920352951715489,True,False,False,False
INT_440127410_374858000_20230930_0555,440127410,374858000,PILOT 11 EULSOOKDO,ONE AQUILA,Cargo,inbound,2023-09-30 05:55:18+00:00,2023-09-30 05:55:18+00:00,2023-09-30 06:16:55+00:00,21.616666666666667,34.9521008689365,128.8292173343541,34.970804574854824,128.8198317114368,embark,False,False,False,0.0,145.07072109511694,369.4976087698819,42.70060780241888,323.57717974511144,53.32317253993427,-233.30689641313216,3.636363636363636,12.121212121212114,0.8636363636363636,0.5909090909090909,0.0,course_aligned_speed_similar,0.8172138047138047,True,4.32,9.73,3.24,4.33,,,0.0,6.0,440400610,1708.0048104813,1731.1356559102817,1415.862839344611,1525.246586488914,1419.246586488914,-3.018087628496271,5.585200541202476,low,31.0,enc_geojson,12.600000381469727,24.0,18.399999618530273,1.4603173858304286,safe,False,KR5G3E22_TSSBND,3011.3383249407,11136.22585297184,Busan New Port East Breakwater East Light,breakwater_light,11136.22585297184,,0.4,0.25,2.9,272.0,0.3,,,,,0.883,0.0,day,14,unknown,,,-3.018087628496271,none,0.8172138047138047,review,weak_navigation_support,832496.9204600664,5387680.604459123,6.471712353580486,True,True,True,True
INT_440030820_636091232_20230930_0600,440030820,636091232,NO.7 YONGSUNG,MARTINIQUE,Cargo,inbound,2023-09-30 06:00:08+00:00,2023-09-30 06:04:58+00:00,2023-09-30 06:18:26+00:00,18.3,35.05135229787696,128.7834372650799,35.06191618155846,128.79123057757616,study_area_other,False,False,False,0.0,166.3826060959768,433.2897491050415,25.7440438509093,270.825395867944,20.995425772781516,-169.85947284618825,1.1553488372093026,54.07441860465118,0.586046511627907,1.0,0.0,course_aligned_speed_similar,0.8046847545219638,True,3.66,8.24,2.74,3.66,,,33.0,61.0,440400610,163.03236161254708,14.347011839663327,-193.65701394386738,133.30591114338318,62.805911143383184,0.6118698660557261,5.841618564067039,high,18.1,enc_geojson,11.800000190734863,0.0,6.299999809265138,0.5338982802908578,safe,False,KR5G3A44_RECTRC,294.7402008883228,525.9781074336968,Busan New Port East Breakwater West Light,breakwater_light,525.9781074336968,,0.0,0.6107013065482236,3.4,271.0,0.3,,,,,0.8680000000000001,0.8948043785132607,day,15,unknown,,,0.6118698660557261,none,0.8046847545219638,no_go,collision_risk_high,309660.5046790387,1616304.181337737,5.219600681762845,True,False,False,False
INT_440112210_355232000_20230930_0611,440112210,355232000,KOREA NO.1,ST SUCCESS,Cargo,inbound,2023-09-30 06:11:48+00:00,2023-09-30 06:12:55+00:00,2023-09-30 06:25:08+00:00,13.333333333333334,35.053126636637984,128.78352098932282,35.064447257743716,128.79374073422667,study_area_other,False,False,False,0.0,177.1144829127313,499.6243633132675,22.27692517712015,296.6041859678892,28.17241422026756,-163.5945945570737,1.0744186046511628,16.126046511627905,0.7441860465116279,0.8372093023255814,0.0,course_aligned_speed_similar,0.8022468992248062,True,2.67,6.0,2.0,2.66,,,12.0,50.0,440150940,601.0793715225057,539.9303847266846,363.53406876890057,434.8713734664462,372.8713734664462,0.1557566968995587,5.971902455584605,low,18.5,enc_geojson,10.100000381469727,0.0,8.399999618530273,0.8316830991354801,safe,False,KR5G3A44_NAVLNE,388.1182815497058,677.9384881551463,Busan New Port East Breakwater West Light,breakwater_light,677.9384881551463,,0.0,0.5982508957933725,3.4,271.0,0.3,,,,,0.8680000000000001,0.8644123023689707,day,15,unknown,,,0.1557566968995587,none,0.8022468992248062,review,limited_sea_room,251327.41228718346,1616304.181337737,6.43107,True,True,False,True
INT_441925000_220595000_20230930_0620,441925000,220595000,601.BAEK RYONG HO,GUNHILDE MAERSK,Cargo,inbound,2023-09-30 06:20:00+00:00,2023-09-30 06:21:01+00:00,2023-09-30 06:31:32+00:00,11.533333333333331,35.05055223032397,128.7831431540593,35.06200736428223,128.7874905015282,study_area_other,False,False,False,0.0,93.92352824411448,441.41590307210186,19.353609751561343,241.17234952158032,8.849475105968205,-308.15086595998145,0.5054687499999999,5.456250000000001,1.0,1.0,0.0,course_aligned_speed_similar,0.8497932942708333,True,2.31,5.19,1.73,2.3,,,4.0,20.0,440150940,773.4827091405891,663.4863824817643,361.8567342353719,468.98576065297914,365.2357606529792,-0.1403686784289521,6.256966700520342,low,18.6,enc_geojson,11.399999618530273,4.5,7.200000381469728,0.6315790019647366,safe,False,KR5G3A44_NAVLNE,226.8723775761957,487.2320457477916,Busan New Port East Breakwater West Light,breakwater_light,487.2320457477916,,0.0,0.6197503496565073,3.4,271.0,0.3,,,,,0.8680000000000001,0.9025535908504417,day,15,unknown,,,-0.1403686784289521,possible,0.8497932942708333,review,hazard_overlap_possible;limited_sea_room,846275.9458387113,1616304.181337737,1.9099020706961964,True,True,False,True
INT_440155260_374858000_20230930_0628,440155260,374858000,JONGHAP65HO,ONE AQUILA,Cargo,inbound,2023-09-30 06:28:37+00:00,2023-09-30 06:30:49+00:00,2023-09-30 06:40:57+00:00,12.333333333333334,35.0516001474982,128.78210460374905,35.06019062778703,128.7858926395606,study_area_other,False,False,False,0.0,113.69802331677496,457.6051638070589,38.07750258465347,303.21834527197103,15.580886182155435,-299.69193038351506,0.9234177215189874,22.454430379746835,0.7974683544303798,0.9493670886075948,0.0,course_aligned_speed_similar,0.8038546940928271,True,2.47,5.55,1.85,2.46,,,18.0,38.0,440150940,71.43636236127978,12.873333731264072,-287.02879001484916,0.0,-277.8913288563374,0.4819578130684363,6.304633284437628,high,18.0,enc_geojson,12.600000381469727,0.0,5.399999618530273,0.428571385320894,safe,False,KR5G3A44_RECTRC,172.68319922382494,633.6549476439915,Busan New Port East Breakwater West Light,breakwater_light,633.6549476439915,,0.0,0.6269755734368234,3.4,271.0,0.3,,,,,0.8680000000000001,0.8732690104712018,day,15,unknown,,,0.4819578130684363,none,0.8038546940928271,no_go,collision_risk_high,832496.9204600664,1616304.181337737,1.9415137060741459,True,False,False,False
INT_440412320_220598000_20230930_0636,440412320,220598000,,GERDA MAERSK,Cargo,inbound,2023-09-30 06:36:32+00:00,2023-09-30 06:38:17+00:00,2023-09-30 06:49:57+00:00,13.416666666666666,35.048881734018764,128.7843309016224,35.060146009749005,128.78538439926507,study_area_other,False,False,False,0.0,74.8821276082874,366.61759896264937,5.0906330071284245,232.937086262815,7.4914175971012416,-309.4514059990951,0.745819397993311,13.43578595317726,0.9096989966555185,1.0,0.0,course_aligned_speed_similar,0.8450950390189521,True,2.68,6.04,2.01,2.69,,,9.0,27.0,440320000,543.3143591393869,214.50739596889247,-102.43542762730385,347.41355949166,240.66355949166,1.4267464215156072,6.013975062022259,high,17.8,enc_geojson,13.699999809265137,,4.100000190734864,0.29927009108146746,caution,False,KR5G3A44_RECTRC,266.2428627072949,301.9855164143048,Busan New Port East Breakwater West Light,breakwater_light,301.9855164143048,,0.0,0.6145009516390273,3.4,271.0,0.3,,,,,0.8680000000000001,0.939602896717139,day,15,unknown,,,1.4267464215156072,possible,0.8450950390189521,no_go,collision_risk_high,846275.9458387113,1616304.181337737,1.9099020706961964,True,False,False,False
INT_440313250_636093158_20230930_0705,440313250,636093158,DAEJIN 11HO,RDO ACE,Cargo,inbound,2023-09-30 07:05:41+00:00,2023-09-30 07:05:41+00:00,2023-09-30 07:16:11+00:00,10.5,35.04945762123238,128.78480894633566,35.06107389233053,128.78801391436411,study_area_other,False,False,False,0.0,119.5711492050506,480.0373996677988,31.10493464788205,280.67066616021106,40.58863444721447,-250.69686544552584,0.719302949061662,9.60670241286863,0.9329758713136728,1.0,0.0,course_aligned_speed_similar,0.8232987414358058,True,2.1,4.73,1.58,2.09,,,20.0,69.0,440172120,34.304983344143395,3.9442440386083373,-290.25648101412696,0.0,-226.87800313347526,0.7442783652516967,6.509308604214582,high,17.8,enc_geojson,7.099999904632568,0.0,10.700000095367432,1.5070422871958007,safe,False,KR5G3A44_NAVLNE,341.86015158481246,293.03375824617723,Busan New Port East Breakwater West Light,breakwater_light,293.03375824617723,,0.0,0.5555796867476621,2.9,286.0,0.3,,,,,0.883,0.9413932483507645,day,16,unknown,,,0.7442783652516967,possible,0.8232987414358058,no_go,collision_risk_high,709346.4884393465,1616304.181337737,2.2785820578231295,True,False,False,False
INT_440700180_538005895_20230930_0725,440700180,538005895,BARO ONE,HEUNG-A JANICE,Cargo,outbound,2023-09-30 07:25:01+00:00,2023-09-30 07:25:01+00:00,2023-09-30 07:35:41+00:00,10.666666666666666,35.066254190313344,128.79895587623506,35.0670439757351,128.79916659763776,study_area_other,False,False,False,0.0,49.70205177629592,497.19712145923063,32.781340488063215,109.60175348346208,7.006686697937355,-136.24838872782678,0.9770833333333332,90.83958333333337,0.0416666666666666,0.0833333333333333,0.9166666666666666,boarding_operation,0.5961588541666667,True,5.87,2.13,1.6,1.07,,,44.0,81.0,372023000,131.19574705558475,147.80351736024198,-71.62017894528566,7.325822777045801,-66.6741772229542,-0.13148454989707076,5.87611811901541,high,16.8,enc_geojson,8.0,0.0,8.8,1.1,safe,False,KR5G3A44_RECTRC,342.87759668575933,2068.372494597268,Busan New Port West Breakwater Light,breakwater_light,2068.372494597268,,0.0,0.4595542380090208,2.9,286.0,0.3,,,,,0.883,0.5863255010805464,day,16,unknown,,,-0.13148454989707076,none,0.5961588541666667,no_go,collision_risk_high,124916.00709203735,1616304.181337737,12.93912781047231,True,False,False,False
INT_440112210_255806034_20230930_0743,440112210,255806034,KOREA NO.1,MSC JASPER VIII,Cargo,inbound,2023-09-30 07:43:15+00:00,2023-09-30 07:43:15+00:00,2023-09-30 07:56:24+00:00,13.15,35.049153599126484,128.78474071302475,35.0596735059437,128.78476335357576,study_area_other,False,False,False,0.0,75.05850670225892,391.2051241658105,37.27400289308013,246.87527760429057,31.19788932488743,-260.42960755878795,0.5037383177570093,9.23364485981309,0.9299065420560748,0.9532710280373832,0.0,course_aligned_speed_similar,0.8498210020768431,True,2.63,5.92,1.97,2.63,,,39.0,89.0,413215160,292.2018485798981,134.13388381842816,-246.30774377480435,0.0,-189.3128919375042,8.877299753055087,6.058462584146649,high,17.8,enc_geojson,13.0,0.0,4.800000000000001,0.3692307692307693,caution,False,KR5G3A44_NAVLNE,320.4449670649564,280.45437074026626,Busan New Port East Breakwater West Light,breakwater_light,280.45437074026626,,0.0,0.5605316092679614,2.9,286.0,0.3,,,,,0.883,0.9439091258519468,day,16,unknown,,,8.877299753055087,possible,0.8498210020768431,no_go,collision_risk_high,696736.1355278371,1616304.181337737,2.319822525227931,True,False,False,False
INT_440335980_255806034_20230930_0743,440335980,255806034,HANKOOK51,MSC JASPER VIII,Cargo,inbound,2023-09-30 07:43:15+00:00,2023-09-30 07:44:02+00:00,2023-09-30 07:58:46+00:00,15.516666666666667,35.048873107809136,128.78501165160128,35.059089188239156,128.78514687956164,study_area_other,False,False,False,0.0,73.1131290838163,398.06139377551335,33.08476539258928,207.1925647793658,30.265353438530052,-247.04738576468037,0.7236907730673315,18.76558603491272,0.8079800498753117,0.8329177057356608,0.0,course_aligned_speed_similar,0.834524868384594,True,3.1,6.98,2.33,3.11,,,43.0,93.0,413215160,225.08316544741325,148.7753798633541,-231.66624772987842,28.965116719980017,-97.03488328001998,17.59995022940474,5.809625491236433,high,17.8,enc_geojson,13.0,0.0,4.800000000000001,0.3692307692307693,caution,False,KR5G3A44_NAVLNE,334.24150256734316,244.35260736787112,Busan New Port East Breakwater West Light,breakwater_light,244.35260736787112,,0.0,0.5647090317630423,2.9,286.0,0.3,,,,,0.883,0.9511294785264258,day,16,unknown,,,17.59995022940474,possible,0.834524868384594,no_go,collision_risk_high;too_close_breakwater,696736.1355278371,1616304.181337737,2.319822525227931,True,False,False,False
INT_440112210_413215160_20230930_0745,440112210,413215160,KOREA NO.1,ZHONG GU DONG HAI,Cargo,inbound,2023-09-30 07:45:04+00:00,2023-09-30 07:45:04+00:00,2023-09-30 07:56:04+00:00,11.0,35.05148057465179,128.78438688377895,35.0531371486335,128.78476137065638,study_area_other,False,False,False,132.44685846528083,268.6232582804256,411.6649470718047,291.03662416229366,423.4980613129149,244.50118431076584,74.69685846528085,0.3555555555555554,3.6499999999999937,1.0,0.9444444444444444,0.0,course_aligned_speed_similar,0.7649485515874982,True,2.2,4.95,1.65,2.2,,,53.0,101.0,255806034,36.85992998925296,1291.882022776278,911.4403951830456,1050.6442342280588,924.6442342280587,2.880463035626727,5.918954332063088,low,18.2,enc_geojson,7.199999809265137,0.0,11.000000190734863,1.5277778447410224,safe,False,KR5G3A44_NAVLNE,396.3143008943203,481.74037495519957,Busan New Port East Breakwater West Light,breakwater_light,481.74037495519957,,0.0,0.5971580932140905,2.9,286.0,0.3,,,,,0.883,0.9036519250089601,day,16,unknown,,,2.880463035626727,possible,0.7649485515874982,review,hazard_overlap_possible;limited_sea_room,183726.62156723827,1616304.181337737,8.797332512567971,True,True,False,True
INT_440335980_413215160_20230930_0745,440335980,413215160,HANKOOK51,ZHONG GU DONG HAI,Cargo,inbound,2023-09-30 07:45:12+00:00,2023-09-30 07:45:12+00:00,2023-09-30 07:58:15+00:00,13.05,35.04984548305707,128.78438839862798,35.061471231477896,128.78702113948268,study_area_other,False,False,False,0.0,328.22199814298455,443.65781569204415,28.847998429104713,437.57382105130785,2.477237331988265,-153.01233083303177,0.9545454545454544,5.6540404040404075,0.9797979797979798,0.6565656565656566,0.0,course_aligned_speed_similar,0.8239967732884399,True,2.61,5.87,1.96,2.61,,,54.0,95.0,255806034,34.75216227132253,898.8700399083839,518.4284123151514,679.9887813043671,553.9887813043671,5.516235744929196,5.914644666247057,low,18.3,enc_geojson,7.199999809265137,0.0,11.100000190734864,1.5416667339978414,safe,False,KR5G3A44_NAVLNE,318.1701430404878,349.39453035424964,Busan New Port East Breakwater West Light,breakwater_light,349.39453035424964,,0.0,0.6075773142612684,2.9,286.0,0.3,,,,,0.883,0.9301210939291501,day,16,unknown,,,5.516235744929196,possible,0.8239967732884399,review,hazard_overlap_possible;limited_sea_room,183726.62156723827,1616304.181337737,8.797332512567971,True,True,False,True
INT_440139260_413215160_20230930_0746,440139260,413215160,KOREA 401,ZHONG GU DONG HAI,Cargo,inbound,2023-09-30 07:46:41+00:00,2023-09-30 07:49:58+00:00,2023-09-30 08:04:58+00:00,18.283333333333335,35.04855946594952,128.78394319795115,35.05191854614034,128.7851076046185,study_area_other,False,False,False,0.0,285.0423595473726,497.0136307127024,76.24042696065142,373.89931550469146,99.84995403177884,-69.95437181370615,2.131659388646288,63.872707423580785,0.3253275109170305,0.7183406113537117,0.0,speed_similar_only,0.7213491933527414,True,3.66,8.23,2.74,3.65,,,54.0,79.0,440121510,74.56873925417837,141.83557766625006,-14.398081303540039,55.6391498369981,-0.3108500914763397,-0.19299041084775417,5.7852084561404284,high,18.5,enc_geojson,7.199999809265137,0.0,11.300000190734863,1.5694445125114789,safe,False,KR5G3A44_NAVLNE,211.84891947239,325.9790100326027,Busan New Port East Breakwater West Light,breakwater_light,325.9790100326027,,0.0,0.6217534774036813,2.9,286.0,0.3,,,,,0.883,0.9348041979934795,day,16,unknown,,,-0.19299041084775417,possible,0.7213491933527414,no_go,collision_risk_high,183726.62156723827,1616304.181337737,8.797332512567971,True,False,False,False
INT_440118750_255806034_20230930_0746,440118750,255806034,YONG KWANG,MSC JASPER VIII,Cargo,inbound,2023-09-30 07:46:56+00:00,2023-09-30 07:49:56+00:00,2023-09-30 07:59:59+00:00,13.05,35.05065094942512,128.78408718501444,35.05404215841453,128.78405094314886,study_area_other,False,False,False,45.7401477204312,332.9654039851158,491.77298504212126,138.46941516948235,442.8750404466294,223.57556165483985,-50.2598522795688,1.4999999999999991,66.0653846153846,0.4065934065934066,1.0,0.0,speed_similar_only,0.6847666867035167,True,2.61,5.87,1.96,2.61,,,76.0,94.0,413215160,24.31519567523368,793.044018155503,412.60239056227044,805.9337900074996,679.9337900074996,-152.77304344573932,6.2625585277397,low,18.2,enc_geojson,13.0,0.0,5.199999999999999,0.39999999999999997,safe,False,KR5G3A44_RECTRC,326.46956965185285,428.91756250694687,Busan New Port East Breakwater West Light,breakwater_light,428.91756250694687,,0.0,0.6064707240464196,2.9,286.0,0.3,,,,,0.883,0.9142164874986106,day,16,unknown,,,-152.77304344573932,possible,0.6847666867035167,review,hazard_overlap_possible;limited_sea_room,696736.1355278371,1616304.181337737,2.319822525227931,True,True,False,True
INT_440118750_413215160_20230930_0747,440118750,413215160,YONG KWANG,ZHONG GU DONG HAI,Cargo,inbound,2023-09-30 07:47:15+00:00,2023-09-30 07:49:16+00:00,2023-09-30 08:14:56+00:00,27.683333333333337,35.04856152080657,128.78405246733672,35.0586058157979,128.78756334272623,study_area_other,False,False,False,0.0,106.81776061423533,467.39998223874903,1.709238988678194,183.9100143877936,14.251091526601204,-137.76115136961707,0.574188176519567,27.059283930058285,0.704412989175687,0.8667776852622814,0.0632805995004163,course_aligned_speed_similar,0.8674216393745953,True,5.54,12.46,4.15,5.53,,,56.0,84.0,440121510,79.78795386608643,59.03663706604973,-97.19702190374036,0.0,-86.13205817049696,0.11112198398435345,6.096308738999177,high,18.5,enc_geojson,7.199999809265137,0.0,11.300000190734863,1.5694445125114789,safe,False,KR5G3A44_NAVLNE,222.92830102075976,316.3097444580767,Busan New Port East Breakwater West Light,breakwater_light,316.3097444580767,,0.0,0.6202762265305655,2.9,286.0,0.3,,,,,0.883,0.9367380511083847,day,16,unknown,,,0.11112198398435345,possible,0.8674216393745953,no_go,collision_risk_high,183726.62156723827,1616304.181337737,8.797332512567971,True,False,False,False
INT_440139260_212352000_20230930_0750,440139260,212352000,KOREA 401,MSC LILOU III,Cargo,inbound,2023-09-30 07:50:07+00:00,2023-09-30 07:57:55+00:00,2023-09-30 08:09:58+00:00,19.85,35.051853851609316,128.78537179092547,35.05958876010004,128.78709780606687,study_area_other,False,False,False,0.0,146.6138744523684,492.5591766140162,5.687643858802081,262.8941222846862,13.741724770142,-192.91091865054395,0.7096830985915493,16.05088028169014,0.7676056338028169,0.9348591549295776,0.0,course_aligned_speed_similar,0.8855149403364633,True,3.97,8.93,2.98,3.97,,,18.0,61.0,440121510,247.79315998449135,275.43645553051493,82.35447898552388,186.63004762168498,118.43004769321055,-0.6931979439308602,6.138304283163146,high,17.3,enc_geojson,11.399999618530273,0.0,5.900000381469727,0.5175439104295668,safe,False,KR5G3A44_NAVLNE,513.1665381866773,473.8852620771137,Busan New Port East Breakwater West Light,breakwater_light,473.8852620771137,,0.0,0.5815777949084431,2.9,286.0,0.3,,,,,0.883,0.9052229475845772,day,16,unknown,,,-0.6931979439308602,possible,0.8855149403364633,no_go,collision_risk_high,304106.168867492,1616304.181337737,5.3149338842975204,True,False,False,False
INT_440118750_212352000_20230930_0755,440118750,212352000,YONG KWANG,MSC LILOU III,Cargo,inbound,2023-09-30 07:55:45+00:00,2023-09-30 08:00:05+00:00,2023-09-30 08:09:45+00:00,14.0,35.065526320349534,128.78915574565428,35.06578103373574,128.7908674196725,study_area_other,False,False,False,57.4999795185102,249.9121897827767,480.4090124886832,193.59716477507516,400.2779951338099,178.6105399899294,-10.250020481489798,5.0989528795811525,17.140314136125657,0.6387434554973822,0.5602094240837696,0.0,course_aligned_only,0.6617268156629486,True,2.8,6.3,2.1,2.8,,,59.0,79.0,413215160,107.55925719894135,1002.5390576060958,707.0722834758526,866.6949306563433,768.9449306563433,2.810374875114376,5.851026785666274,low,17.3,enc_geojson,11.399999618530273,0.0,5.900000381469727,0.5175439104295668,safe,False,KR65886D_RECTRC,34.206725771721906,1255.70923874275,Busan New Port West Breakwater Light,breakwater_light,1255.70923874275,,0.0,0.6361542301066455,10.0,342.0,0.3,,,,,0.67,0.74885815225145,day,17,unknown,,,2.810374875114376,none,0.6617268156629486,review,limited_sea_room,304106.168867492,1616304.181337737,5.3149338842975204,True,True,False,True
INT_440005000_441701000_20230930_0805,440005000,441701000,YUNG CHANG T-1,SM LONG BEACH,Cargo,inbound,2023-09-30 08:05:31+00:00,2023-09-30 08:07:25+00:00,2023-09-30 08:21:51+00:00,16.333333333333332,35.050683857145295,128.7834981774551,35.061146833394154,128.78726449884655,study_area_other,False,False,False,0.0,122.99715131901183,469.6529605841192,8.072776351481117,243.3594726933222,12.940016757517768,-243.06249355450595,0.5579634464751959,12.472323759791122,0.8798955613577023,1.0,0.0,course_aligned_speed_similar,0.8755016318537858,True,3.27,7.35,2.45,3.26,,,17.0,34.0,440121510,32.97529222203228,58.07749969802893,-198.1570741681345,0.0,-175.2568619865741,1.6191130694036855,6.378416406970748,high,18.6,enc_geojson,11.5,0.0,7.100000000000001,0.6173913043478262,safe,False,KR5G3A44_NAVLNE,268.85326938431547,470.9920734819609,Busan New Port East Breakwater West Light,breakwater_light,470.9920734819609,,0.0,0.6141528974154247,10.0,342.0,0.3,,,,,0.67,0.9058015853036078,day,17,unknown,,,1.6191130694036855,possible,0.8755016318537858,no_go,collision_risk_high,580666.8533483086,1616304.181337737,2.7835309903047096,True,False,False,False
INT_440118750_440013330_20230930_0810,440118750,440013330,YONG KWANG,PILOT.TAEJONGDAE,Other_Reserved,outbound,2023-09-30 08:10:16+00:00,2023-09-30 08:23:52+00:00,2023-09-30 08:24:46+00:00,14.5,35.066193995081164,128.79344776401115,35.06601331179593,128.79445999032933,study_area_other,False,False,False,12.334895508297697,194.3036260414391,496.3036473068959,26.097599258849847,213.09274269990257,27.988787252490575,-4.9151044917023015,2.7151351351351347,87.5627027027027,0.4162162162162162,0.0,0.6648648648648648,boarding_operation,0.6194659545869133,True,7.98,2.9,2.17,1.45,,,9.0,12.0,413215160,147.04507237096223,13.087355915311502,-126.42274948770525,628.8910627338482,581.6410627338482,-1.2905872104690805,5.830646481209396,high,16.5,enc_geojson,6.0,0.0,10.5,1.75,safe,False,KR5G3A44_RECTRC,95.57112558958463,1620.5257821569328,Busan New Port West Breakwater Light,breakwater_light,1620.5257821569328,,0.0,0.5671695528952333,10.0,342.0,0.3,,,,,0.67,0.6758948435686134,day,17,unknown,,,-1.2905872104690805,none,0.6194659545869133,no_go,collision_risk_high,760.26542216873,1616304.181337737,2125.9735537190086,True,False,False,False
INT_440113610_374158000_20230930_1200,440113610,374158000,GAENARI,EVER FOCUS,Cargo,inbound,2023-09-30 12:00:03+00:00,2023-09-30 12:00:03+00:00,2023-09-30 12:59:44+00:00,59.68333333333333,35.04630396987635,128.78456245094088,35.063213055742715,128.7909352255584,study_area_other,False,False,False,0.0,50.52079586896356,487.66815639333754,34.18771277885653,165.84522781841963,29.567329663408877,-246.28410167600416,0.3036220472440945,12.166929133858268,0.8440944881889764,0.6015748031496063,0.368503937007874,course_aligned_speed_similar,0.896811898512686,True,11.94,26.86,8.95,11.93,,,38.0,41.0,440111820,60.793711791855884,64.02715812841848,-215.30811334135905,0.0,-192.76748340862906,1.3565874948405119,6.1995603762690425,high,18.0,enc_geojson,14.5,0.0,3.5,0.2413793103448276,caution,False,KR5G3A44_NAVLNE,166.07603714636548,319.53926163602824,Busan New Port East Breakwater West Light,breakwater_light,319.53926163602824,,0.0,0.6278565283804847,8.2,340.0,0.7,,,,,0.684,0.9360921476727944,night,21,unknown,,,1.3565874948405119,possible,0.896811898512686,no_go,collision_risk_high,700927.0201277259,1616304.181337737,2.3059521675212453,True,False,False,False
INT_440113610_440761000_20230930_1232,440113610,440761000,GAENARI,KMTC NHAVA SHEVA,Cargo,inbound,2023-09-30 12:32:14+00:00,2023-09-30 12:34:03+00:00,2023-09-30 12:49:54+00:00,17.666666666666668,35.067315040743466,128.7997020993452,35.06655328500554,128.79948333636364,study_area_other,False,False,False,229.7711264609079,241.17825909497293,251.29363998891287,431.299018592943,449.21536578501934,375.1340048703984,154.77112646090788,0.56875,79.75,0.0,0.0,1.0,boarding_operation,0.5395288171790108,False,3.53,7.95,2.65,3.54,,,16.0,29.0,440111820,107.66572926237626,168.30189619131127,-55.54482234854373,36.54840165070863,-42.50159806318908,3.125503284578105,5.853528774881336,high,16.0,enc_geojson,11.399999618530273,0.0,4.600000381469727,0.40350881889439694,caution,False,KR5G3A44_NAVLNE,269.67190865237563,2180.0811962886605,Busan New Port West Breakwater Light,breakwater_light,2180.0811962886605,,0.0,0.4506968794649065,8.2,340.0,0.7,,,,,0.684,0.563983760742268,night,21,unknown,,,3.125503284578105,none,0.2697644085895054,no_go,collision_risk_high,428016.8663103806,1616304.181337737,3.776262826441186,True,False,False,False
INT_440113610_440013330_20230930_1240,440113610,440013330,GAENARI,PILOT.TAEJONGDAE,Other_Reserved,inbound,2023-09-30 12:40:43+00:00,2023-09-30 13:09:54+00:00,2023-09-30 13:09:54+00:00,29.183333333333337,35.065993134289855,128.7975903349454,35.06749906542216,128.79712087852286,study_area_other,False,False,False,81.75814274494046,264.61119185452253,394.7957836073475,100.60539277374588,279.1601132528848,101.34471394743495,67.50814274494046,0.7280000000000001,67.89661538461539,0.2646153846153846,0.0,0.8584615384615385,boarding_operation,0.6845467382846596,True,5.84,13.13,4.38,5.83,,,23.0,26.0,374158000,35.91431486934483,11.323292758208222,-251.0933216297017,0.0,-203.99610815505707,-1.0922250090440155,5.785187936292128,high,16.7,enc_geojson,6.0,0.0,10.7,1.7833333333333332,safe,False,KR5G3A44_NAVLNE,306.51680363484104,1943.2509710861498,Busan New Port West Breakwater Light,breakwater_light,1943.2509710861498,,0.0,0.48525593100099623,5.0,339.0,0.6,,,,,0.79,0.61134980578277,night,22,unknown,,,-1.0922250090440155,none,0.6845467382846596,no_go,collision_risk_high,760.26542216873,1616304.181337737,2125.9735537190086,True,False,False,False
INT_440113610_413215160_20230930_1317,440113610,413215160,GAENARI,ZHONG GU DONG HAI,Cargo,inbound,2023-09-30 13:17:03+00:00,2023-09-30 13:17:03+00:00,2023-09-30 13:30:00+00:00,12.95,35.065729538264975,128.7959070949722,35.065795219116076,128.79598152669178,study_area_other,False,False,False,121.00056249628248,135.87000887706293,155.304754947591,243.96052384329153,260.0465090668228,221.44548485080236,68.50056249628247,1.1666666666666667,122.15,0.1666666666666666,0.0,1.0,boarding_operation,0.5537746625022305,True,2.59,5.83,1.94,2.59,,,14.0,16.0,440111820,366.17681986031954,483.5858089645133,327.15704647962895,383.70823751087084,327.1582377969731,,5.051583427456853,low,16.2,enc_geojson,7.199999809265137,0.0,9.000000190734863,1.2500000596046463,safe,False,KR5G3A44_RECTRC,255.79731654934122,1792.3428218845054,Busan New Port West Breakwater Light,breakwater_light,1792.3428218845054,,0.0,0.517169887479337,5.0,339.0,0.6,,,,,0.79,0.641531435623099,night,22,unknown,,,,none,0.5537746625022305,review,limited_sea_room,183726.62156723827,1616304.181337737,8.797332512567971,True,True,False,True
INT_441925000_477698600_20230930_1540,441925000,477698600,601.BAEK RYONG HO,COSCO DENMARK,Cargo,inbound,2023-09-30 15:40:41+00:00,2023-09-30 15:40:41+00:00,2023-09-30 16:08:11+00:00,27.5,35.06899102786542,128.81385745775492,35.06872667601359,128.81384759668146,study_area_other,False,False,False,0.0,0.0,0.0,66.6416916197967,76.81923265950161,42.163561910365694,-274.66930236126734,0.9166666666666666,91.38611111111112,0.0,0.0,1.0,boarding_operation,0.6828125,True,5.5,12.38,4.12,5.5,,,11.0,49.0,303340000,258.3728757953802,190.10101121071008,-312.56421499717453,0.0,-312.5643378696644,,6.039047476196103,high,17.2,enc_geojson,13.300000190734863,4.5,3.899999809265136,0.29323306416055395,caution,False,KR5G3A44_RECTRC,751.0167176919226,2962.2806454564243,Busan New Port East Breakwater East Light,breakwater_light,2962.2806454564243,,0.0,0.349864437641077,2.5,282.0,0.4,,,,,0.885,0.40754387090871513,night,0,unknown,,,,none,0.6828125,no_go,collision_risk_high,841670.3710085487,1616304.181337737,1.920352951715489,True,False,False,False
INT_441925000_303340000_20230930_1552,441925000,303340000,601.BAEK RYONG HO,PRESIDENT CLEVELAND,Cargo,inbound,2023-09-30 15:52:22+00:00,2023-09-30 16:08:11+00:00,2023-09-30 16:08:11+00:00,15.816666666666666,35.068719023328576,128.81488883495282,35.06868382005567,128.81535547222597,study_area_other,False,False,False,10.569927894614892,94.90387079498574,156.36617778407177,254.61264498025375,255.16562411410337,187.39248496679437,-79.43007210538511,0.7000000000000001,115.76666666666668,0.0,0.0,1.0,boarding_operation,0.6386997099298978,True,3.16,7.12,2.37,3.17,,,32.0,65.0,477698600,141.43553767902264,190.0678623877195,-312.5973638201651,0.0,-312.59761403602806,,5.946249248867888,high,17.4,enc_geojson,12.199999809265137,4.5,5.200000190734862,0.4262295304944011,safe,False,KR5G3A44_RECTRC,826.0393277533726,2997.5309529089914,Busan New Port East Breakwater East Light,breakwater_light,2997.5309529089914,,0.0,0.339861422966217,5.9,248.0,0.4,,,,,0.783,0.4004938094182017,night,1,unknown,,,,none,0.6386997099298978,no_go,collision_risk_high,565486.6776461628,1616304.181337737,2.8582533333333333,True,False,False,False
INT_440112210_440049630_20230930_1650,440112210,440049630,KOREA NO.1,SONG SOON HO,Tanker,inbound,2023-09-30 16:50:24+00:00,2023-09-30 16:50:24+00:00,2023-09-30 17:09:22+00:00,18.966666666666665,35.06639392519988,128.79978386055268,35.06733904736393,128.79975052719777,study_area_other,False,False,False,281.2254775214043,366.6781421901525,417.5585150658331,316.2010888863224,404.2566779685595,320.250634217103,254.97547752140431,0.4544502617801046,54.929319371727765,0.1047120418848167,0.0,0.8952879581151832,boarding_operation,0.5579223632835507,True,3.79,8.54,2.84,3.8,,,4.0,15.0,413215160,494.20096622930265,238.93926274493302,84.84997533967714,207.58772824153354,153.58772824153354,31.39907498112377,4.831888141746896,high,16.8,enc_geojson,0.0,0.0,16.8,,safe,False,KR5G3A44_NAVLNE,366.8054640059543,2118.152638239699,Busan New Port East Breakwater East Light,breakwater_light,2118.152638239699,,0.0,0.44806716509258954,5.9,248.0,0.4,,,,,0.783,0.5763694723520602,night,1,unknown,,,31.39907498112377,none,0.5579223632835507,no_go,collision_risk_high,4247.4332676534,1616304.181337737,380.53668639053257,True,False,False,False
INT_440112210_440761000_20230930_1659,440112210,440761000,KOREA NO.1,KMTC NHAVA SHEVA,Cargo,inbound,2023-09-30 16:59:57+00:00,2023-09-30 17:05:24+00:00,2023-09-30 17:15:16+00:00,15.316666666666666,35.06827348177559,128.80161979092225,35.06817059578599,128.80225668066274,study_area_other,False,False,False,0.0,23.81797769350057,127.70097576315638,12.687996054484056,175.31808566104746,11.821749323308651,-225.40053257714695,0.2171428571428571,49.251428571428576,0.4285714285714285,0.0,0.8714285714285714,boarding_operation,0.7361571428571428,True,3.06,6.89,2.3,3.07,,,37.0,53.0,440049630,393.7112884614689,350.25210508680044,128.74486162657394,206.77830411027617,130.27830411027617,3.474502955701387,6.042965193930179,medium,15.9,enc_geojson,11.399999618530273,0.0,4.500000381469727,0.394736888776307,caution,False,KR5G3A44_NAVLNE,260.74233499455994,2365.2825955823105,Busan New Port East Breakwater East Light,breakwater_light,2365.2825955823105,,0.0,0.42102058940367365,5.5,257.0,0.5,,,,,0.785,0.5269434808835379,night,2,unknown,,,3.474502955701387,none,0.7361571428571428,review,collision_risk_medium;ukc_caution;limited_sea_room,428016.8663103806,1616304.181337737,3.776262826441186,True,False,False,False
INT_440155260_228409900_20230930_1718,440155260,228409900,JONGHAP65HO,CMA CGM KIMBERLEY,Cargo,inbound,2023-09-30 17:18:03+00:00,2023-09-30 17:20:16+00:00,2023-09-30 17:54:56+00:00,36.88333333333333,35.05146397920164,128.7831457692062,35.06598544511388,128.80497920151555,study_area_other,False,False,False,0.0,21.80188245497968,466.0273361367576,47.35482975167064,228.3333530863184,44.196270326982166,-272.5669251366954,0.3857610474631751,43.29427168576105,0.4386252045826514,0.2373158756137479,0.7414075286415712,boarding_operation,0.801843085106383,True,7.38,16.6,5.53,7.37,,,13.0,28.0,440111820,13.79457048886095,135.77789789112717,-167.60973421194973,0.0,-166.16129643673892,0.7776213288007103,6.289117434390257,high,18.1,enc_geojson,14.800000190734863,0.0,3.299999809265138,0.22297295721192037,caution,False,KR5G3A44_NAVLNE,270.79429804973546,553.4267598347111,Busan New Port East Breakwater West Light,breakwater_light,553.4267598347111,,0.0,0.6138940935933687,5.5,257.0,0.5,,,,,0.785,0.8893146480330578,night,2,unknown,,,0.7776213288007103,none,0.801843085106383,no_go,collision_risk_high,841670.3710085487,1616304.181337737,1.920352951715489,True,False,False,False
INT_440155260_413228080_20230930_1743,440155260,413228080,JONGHAP65HO,ZHONG GU DIZHONG HAI,Cargo,outbound,2023-09-30 17:43:14+00:00,2023-09-30 17:48:36+00:00,2023-09-30 17:54:56+00:00,11.7,35.06847222983991,128.80964687689425,35.068351337558056,128.80959530843722,study_area_other,False,False,False,66.20177974420763,171.8502982058516,385.5325798736018,184.5699847057443,251.62080154980575,178.25610558969262,8.451779744207613,0.86875,39.909375,0.6458333333333334,0.0,0.9375,boarding_operation,0.6861773696534753,True,6.44,2.34,1.76,1.16,,,88.0,117.0,440028270,45.35264012367345,53.11965053061351,-98.95990736117656,12.471048022612322,-42.27895197738769,-1.6324607100205175,5.8004329988924095,high,17.0,enc_geojson,7.5,0.0,9.5,1.2666666666666666,safe,False,KR5G3A44_RECTRC,609.89281772132,2694.5482303522126,Busan New Port East Breakwater East Light,breakwater_light,2694.5482303522126,,0.0,0.36868095763715736,5.5,257.0,0.5,,,,,0.785,0.46109035392955744,night,2,unknown,,,-1.6324607100205175,none,0.6861773696534753,no_go,collision_risk_high,183726.62156723827,1616304.181337737,8.797332512567971,True,False,False,False
INT_440075240_215966000_20230930_1900,440075240,215966000,SUN JIN 100,CMA CGM IGUACU,Cargo,inbound,2023-09-30 19:00:01+00:00,2023-09-30 19:03:37+00:00,2023-09-30 20:06:17+00:00,66.26666666666667,35.04943925232634,128.78292652453428,35.0648113303786,128.7971618671523,study_area_other,False,False,False,0.0,71.78396534745109,492.63286179634144,33.881403136684895,290.214766756648,32.58102971768126,-266.0477950162876,0.5330849478390463,22.89746646795827,0.789865871833085,0.3695976154992548,0.4679582712369597,boarding_operation,0.8591606433184302,True,13.25,29.82,9.94,13.26,,,0.0,0.0,440013330,1944.7279426708246,1242.828829385832,956.3598543646227,1813.5956818076402,1717.5956818076402,-5.610488784745518,5.633346691568375,low,18.4,enc_geojson,14.5,0.0,3.8999999999999986,0.26896551724137924,caution,False,KR5G3A44_NAVLNE,151.80730464446896,443.59020142846094,Busan New Port East Breakwater West Light,breakwater_light,443.59020142846094,,1.0,0.6297590260474042,3.9,276.0,0.5,,,,,0.833,0.9112819597143078,night,4,unknown,,,-5.610488784745518,possible,0.8591606433184302,review,hazard_overlap_possible;ukc_caution,841670.3710085487,10775361.208918246,12.80235301143659,True,False,True,False
INT_440335980_215966000_20230930_1900,440335980,215966000,HANKOOK51,CMA CGM IGUACU,Cargo,inbound,2023-09-30 19:00:07+00:00,2023-09-30 19:01:43+00:00,2023-09-30 20:18:17+00:00,78.16666666666667,35.04431714225289,128.7843552554639,35.06539910887078,128.7983131885691,study_area_other,False,False,False,0.0,50.06989857317759,496.1861943637356,34.34682285190942,161.84020886496958,15.213466924362615,-287.2349708588499,0.6714007782101168,23.28667315175097,0.7636186770428015,0.3706225680933852,0.448443579766537,boarding_operation,0.8522959089926503,True,15.63,35.18,11.72,15.64,,,0.0,23.0,440013330,1400.352436998107,870.4511747410569,583.9821997198476,1238.8875156102836,1142.8875156102836,-3.7192809050851983,6.13032301617635,low,18.2,enc_geojson,14.5,0.0,3.6999999999999993,0.2551724137931034,caution,False,KR5G3A44_NAVLNE,50.11472932376214,491.6979747103792,Busan New Port East Breakwater West Light,breakwater_light,491.6979747103792,,0.0,0.643318036090165,3.9,276.0,0.5,,,,,0.833,0.9016604050579242,night,4,unknown,,,-3.7192809050851983,possible,0.8522959089926503,review,hazard_overlap_possible;ukc_caution;limited_sea_room,841670.3710085487,1616304.181337737,1.920352951715489,True,False,False,False
INT_440335980_228409900_20230930_1934,440335980,228409900,HANKOOK51,CMA CGM KIMBERLEY,Cargo,inbound,2023-09-30 19:34:26+00:00,2023-09-30 20:18:06+00:00,2023-09-30 20:18:17+00:00,43.85,35.068038686513695,128.81122542161904,35.068076097940576,128.81102551591675,study_area_other,False,False,False,187.15523624022575,225.39169874527673,303.4333548058116,379.30754561188184,414.00607031398926,383.1036740234383,80.65523624022575,0.5072481572481572,92.14668304668304,0.1916461916461916,0.0,0.8255528255528255,boarding_operation,0.5910337931452994,True,8.77,19.73,6.58,8.77,,,7.0,11.0,215966000,246.48407551825,451.45267277048134,-101.08352302094585,81.91349061899683,-101.08650938100317,,6.074906739141936,high,16.8,enc_geojson,14.800000190734863,0.0,1.9999998092651374,0.1351351205060918,critical,False,KR5G3A44_RECTRC,726.4635611907845,2734.351993641801,Busan New Port East Breakwater East Light,breakwater_light,2734.351993641801,,0.0,0.35313819184122874,3.5,296.0,0.5,,,,,0.845,0.4531296012716398,night,5,unknown,,,,none,0.5910337931452994,no_go,collision_risk_high;ukc_critical,841670.3710085487,1616304.181337737,1.920352951715489,True,False,False,False
INT_440155260_538007360_20230930_2110,440155260,538007360,JONGHAP65HO,ONE TRIUMPH,Cargo,inbound,2023-09-30 21:10:25+00:00,2023-09-30 21:11:48+00:00,2023-09-30 21:28:31+00:00,18.1,35.046497415135825,128.7833025371125,35.05499716571269,128.7856440421895,study_area_other,False,False,False,0.0,48.1647223326907,302.77156229557465,56.25351432933419,229.83978993782335,40.040736244379744,-302.6182799638797,0.7721115537848606,11.718326693227096,0.900398406374502,0.8406374501992032,0.0,course_aligned_speed_similar,0.8783531429836209,True,3.62,8.15,2.72,3.61,,,20.0,31.0,440111820,53.172417901101284,52.320906978117776,-276.96254586954103,0.0,-263.8216983281979,-7.998754536806601,6.446743201371574,high,18.5,enc_geojson,13.199999809265137,0.0,5.300000190734863,0.40151517176650037,safe,False,KR5G3A44_RECTRC,48.72461373557422,409.9467176914559,Busan New Port East Breakwater West Light,breakwater_light,409.9467176914559,,0.0,0.6435033848352568,3.8,307.0,0.5,,,,,0.8360000000000001,0.9180106564617088,day,6,unknown,,,-7.998754536806601,possible,0.8783531429836209,no_go,collision_risk_high,1005309.6491487338,1616304.181337737,1.6077675,True,False,False,False
INT_440005000_256940000_20230930_2131,440005000,256940000,YUNG CHANG T-1,ZIM SHANGHAI,Cargo,inbound,2023-09-30 21:31:06+00:00,2023-09-30 21:32:13+00:00,2023-09-30 22:04:33+00:00,33.45,35.04375468644308,128.78329627571534,35.06298759628948,128.79234192976932,study_area_other,False,False,False,0.0,54.6293624864986,427.8611049073297,4.447797064978554,215.45547595012425,5.620016258284486,-284.8881187510139,0.9258802816901406,12.390140845070423,0.8961267605633803,0.477112676056338,0.1461267605633802,course_aligned_speed_similar,0.8687408793035994,True,6.69,15.05,5.02,6.69,,,12.0,55.0,440154020,167.20577881441855,39.55100622620846,-243.0452758176391,0.0,-206.535790715595,0.12030649773675343,6.183503510004732,high,18.3,enc_geojson,14.199999809265137,0.0,4.100000190734864,0.28873241167649305,caution,False,KR65896D_RECTRC,83.23690559103302,599.7046938080701,Busan New Port East Breakwater West Light,breakwater_light,599.7046938080701,,0.0,0.6389017459211956,3.8,307.0,0.5,,,,,0.8360000000000001,0.880059061238386,day,6,unknown,,,0.12030649773675343,none,0.8687408793035994,no_go,collision_risk_high,769690.2001294993,1616304.181337737,2.099941224489796,True,False,False,False
INT_440005000_440154950_20230930_2153,440005000,440154950,YUNG CHANG T-1,DONGJIN ACE,Tanker,outbound,2023-09-30 21:53:49+00:00,2023-09-30 22:40:44+00:00,2023-09-30 22:40:44+00:00,46.916666666666664,35.067410574297526,128.8051849750729,35.067465807171956,128.80501473260793,study_area_other,False,False,False,244.6376996568091,276.8947381191668,465.7687011468533,267.2210860858174,298.33708921076396,265.2739669459829,220.48769979986025,0.8193211488250653,65.82571801566579,0.3759791122715404,0.0,0.6892950391644909,boarding_operation,0.5914778240701443,True,25.8,9.38,7.04,4.7,,,31.0,33.0,440013330,136.58550360635542,142.02683960132137,113.73206246783231,185.5273080715041,171.12730821455526,-0.1828772953784378,5.627367379110021,medium,16.0,enc_geojson,10.0,0.0,6.0,0.6,safe,False,KR5G3A44_NAVLNE,512.2351501606731,2394.622715851927,Busan New Port East Breakwater East Light,breakwater_light,2394.622715851927,,0.0,0.3825981940032558,4.6,316.0,0.4,,,,,0.8220000000000001,0.5210754568296146,day,7,unknown,,,-0.1828772953784378,none,0.5914778240701443,review,collision_risk_medium;limited_sea_room,1413.7166941154069,1616304.181337737,1143.3013333333336,True,False,False,False
INT_440005000_440013330_20230930_2155,440005000,440013330,YUNG CHANG T-1,PILOT.TAEJONGDAE,Other_Reserved,inbound,2023-09-30 21:55:19+00:00,2023-09-30 22:24:08+00:00,2023-09-30 22:24:27+00:00,29.133333333333333,35.06777614251021,128.8039116534389,35.067299256937225,128.8014548356687,study_area_other,False,False,False,140.55997594152245,401.03590463936416,478.41316148761274,159.76059192415894,418.4396888461307,158.70322020514743,121.80997594152244,3.279166666666666,67.27724358974359,0.2211538461538461,0.0,0.7852564102564102,boarding_operation,0.5935697747627218,True,5.83,13.11,4.37,5.82,,,50.0,52.0,440154950,245.36951481747298,173.47790860314086,145.18313146965178,200.01162167669062,185.61162181974177,-0.15309506028742276,5.260124272277856,medium,15.6,enc_geojson,6.0,0.0,9.6,1.5999999999999999,safe,False,KR5G3A44_RECTRC,416.59714874106885,2384.555307996854,Busan New Port East Breakwater East Light,breakwater_light,2384.555307996854,,0.0,0.3970278288350485,4.6,316.0,0.4,,,,,0.8220000000000001,0.5230889384006292,day,7,unknown,,,-0.15309506028742276,none,0.5935697747627218,review,collision_risk_medium;limited_sea_room,760.26542216873,1616304.181337737,2125.9735537190086,True,False,False,False
INT_440700180_413215160_20230930_2259,440700180,413215160,BARO ONE,ZHONG GU DONG HAI,Cargo,outbound,2023-09-30 22:59:22+00:00,2023-09-30 22:59:22+00:00,2023-09-30 23:16:02+00:00,16.666666666666668,35.06547675217219,128.79443657752972,35.0664857943425,128.79437371302183,study_area_other,False,False,False,0.0,62.51246053749216,498.00008225966695,1.0605379739468292,126.9299757898432,5.588206561896968,-157.8765161370276,1.5231441048034935,37.741921397379905,0.5633187772925764,0.1441048034934497,0.4759825327510917,boarding_operation,0.7459539058709365,True,9.17,3.33,2.5,1.67,,,2.0,67.0,374158000,304.6480142896805,313.59026192325166,-67.93470361668369,58.31646770797653,-67.93353229202353,,5.529435728958493,high,16.5,enc_geojson,7.199999809265137,0.0,9.300000190734863,1.2916667273751028,safe,False,KR5G3A44_NAVLNE,213.76863982154907,1660.1249907621843,Busan New Port West Breakwater Light,breakwater_light,1660.1249907621843,,0.0,0.5448100162300962,4.6,316.0,0.4,,,,,0.8220000000000001,0.6679750018475632,day,7,unknown,,,,none,0.7459539058709365,no_go,collision_risk_high,183726.62156723827,1616304.181337737,8.797332512567971,True,False,False,False
